{"timestamps": [1473464011.685786, 1473464011.843483, 1473464012.047139, 1473464012.202872, 1473464012.345612, 1473464012.489657, 1473464012.650451, 1473464012.771984, 1473464012.883477, 1473464013.056201, 1473464013.240078, 1473464013.432751, 1473464013.6, 1473464013.784769, 1473464013.92316, 1473464014.065898, 1473464014.212417, 1473464014.405293, 1473464014.564441, 1473464014.73312, 1473464014.883031, 1473464015.04315, 1473464015.198057, 1473464015.311316, 1473464015.460312, 1473464015.69351, 1473464015.910637, 1473464016.0993, 1473464016.250528, 1473464016.398329, 1473464016.574231, 1473464016.705878, 1473464016.873037, 1473464017.024097, 1473464017.210363, 1473464017.34973, 1473464017.51346, 1473464017.684298, 1473464017.870449, 1473464018.016966, 1473464018.172641, 1473464018.338382, 1473464018.579097, 1473464018.790501, 1473464018.970318, 1473464019.151636, 1473464019.305483, 1473464019.468782, 1473464019.614514, 1473464019.780704], "initial_reset_timestamp": 1473464011.308176, "episode_lengths": [9, 9, 9, 9, 9, 9, 9, 9, 9, 9, 9, 9, 9, 9, 9, 9, 9, 9, 9, 9, 9, 9, 9, 9, 9, 9, 9, 9, 9, 9, 9, 9, 9, 9, 9, 9, 9, 9, 9, 9, 9, 9, 9, 9, 9, 9, 9, 9, 9, 9], "episode_rewards": [106.2, 105.8, 105.0, 105.39999999999999, 106.0, 105.60000000000001, 105.60000000000001, 106.8, 106.0, 106.2, 106.39999999999999, 105.8, 106.0, 105.80000000000001, 106.4, 105.6, 105.39999999999999, 105.8, 105.39999999999999, 105.6, 105.4, 105.80000000000001, 106.0, 106.2, 106.0, 106.19999999999999, 106.0, 106.0, 106.39999999999999, 105.0, 106.6, 105.80000000000001, 105.8, 106.0, 106.2, 105.8, 105.39999999999999, 105.4, 106.39999999999999, 106.0, 106.0, 105.19999999999999, 105.8, 105.6, 105.0, 105.39999999999999, 106.0, 106.6, 106.0, 107.0]}