{"timestamps": [1472028723.847638, 1472028723.925985, 1472028724.002473, 1472028724.079938, 1472028724.156121, 1472028724.230619, 1472028724.307, 1472028724.383697, 1472028724.460545, 1472028724.537583, 1472028724.614904, 1472028724.689684, 1472028724.76613, 1472028724.845936, 1472028724.923153, 1472028725.004196, 1472028725.079241, 1472028725.159975, 1472028725.241279, 1472028725.317063, 1472028725.397369, 1472028725.474051, 1472028725.555178, 1472028725.631797, 1472028725.710488, 1472028725.784926, 1472028725.861195, 1472028725.938323, 1472028726.013511, 1472028726.095561, 1472028726.175235, 1472028726.253661, 1472028726.332869, 1472028726.411926, 1472028726.489972, 1472028726.570184, 1472028726.648468, 1472028726.727511, 1472028726.80347, 1472028726.87743, 1472028726.953356, 1472028727.029523, 1472028727.105485, 1472028727.181298, 1472028727.258022, 1472028727.333774, 1472028727.416149, 1472028727.493508, 1472028727.569536, 1472028727.645433], "initial_reset_timestamp": 1472028723.676042, "episode_lengths": [9, 9, 9, 10, 9, 9, 9, 10, 9, 10, 9, 9, 10, 10, 9, 10, 9, 11, 10, 9, 9, 10, 10, 9, 9, 9, 10, 9, 9, 9, 10, 10, 10, 10, 10, 10, 10, 9, 9, 9, 9, 9, 9, 9, 10, 9, 9, 10, 9, 10], "episode_rewards": [109, 109, 109, 59, 109, 109, 109, 59, 109, 59, 109, 109, 59, 59, 109, 59, 109, 9, 59, 109, 109, 59, 59, 109, 109, 109, 59, 109, 109, 109, 59, 59, 59, 59, 59, 59, 59, 109, 109, 109, 109, 109, 109, 109, 59, 109, 109, 59, 109, 59]}